{"cameraMode":{"drawMode":0,"name":"Shaded","section":"Shading Mode"},"sceneLighting":false,"audioPlay":false,"sceneViewState":{"showFog":true,"showMaterialUpdate":false,"showSkybox":false,"showFlares":true,"showImageEffects":true,"showParticleSystems":true},"in2DMode":false,"pivot":{"x":0.001856982707977295,"y":-0.12543979287147523,"z":-0.10427536815404892},"rotation":{"x":-0.036199137568473819,"y":0.7596539258956909,"z":-0.04244031757116318,"w":-0.647939920425415},"size":0.7500001192092896,"orthographic":false}