{"cameraMode":{"drawMode":0,"name":"Shaded","section":"Shading Mode"},"sceneLighting":false,"audioPlay":false,"sceneViewState":{"showFog":true,"showMaterialUpdate":false,"showSkybox":false,"showFlares":true,"showImageEffects":true,"showParticleSystems":true},"in2DMode":false,"pivot":{"x":-0.16025787591934205,"y":-0.017787322402000428,"z":-0.052344318479299548},"rotation":{"x":-0.013047520071268082,"y":0.7014557123184204,"z":-0.01284446194767952,"w":-0.7124859094619751},"size":1.0768096446990967,"orthographic":false}